ensembl_gene_id	external_gene_name	description	baseMean	log2FoldChange	lfcSE	stat	pvalue	padj
ENSDARG00000035797	si:dkey-17m8.2	si:dkey-17m8.2 [Source:ZFIN;Acc:ZDB-GENE-110411-234]	33.3366809558374	-3.11582843251598	0.472163785257718	-6.59904153982348	4.13824361859419e-11	7.22448659157576e-09
ENSDARG00000040282	zgc:92590	zgc:92590 [Source:ZFIN;Acc:ZDB-GENE-041024-15]	109.807125761009	-5.81363749933695	0.502047529147545	-11.5798548181449	5.21342723685489e-31	2.83158611324378e-28
ENSDARG00000070132	aste1a	asteroid homolog 1a [Source:NCBI gene;Acc:100006826]	4.36013659990804	-5.49790159644293	1.52133060870301	-3.61387693443577	0.000301652283543591	0.0188559679337312
ENSDARG00000070604	zgc:162509	zgc:162509 [Source:ZFIN;Acc:ZDB-GENE-050809-100]	465.554723316329	-4.93999437824395	0.610260963428122	-8.09488837446473	5.73168877439078e-16	1.40088205334885e-13
ENSDARG00000094385	si:dkey-85k15.6	si:dkey-85k15.6 [Source:ZFIN;Acc:ZDB-GENE-100922-216]	43.0303876120044	-3.84308731598236	0.524222745464302	-7.33101977972847	2.28407947341161e-13	4.89694617628537e-11
ENSDARG00000095047	si:dkey-85k15.4	si:dkey-85k15.4 [Source:ZFIN;Acc:ZDB-GENE-100922-242]	41.0943662756614	-3.72447818201729	0.533760249349283	-6.977811080083	2.99814437544356e-12	5.81568624446159e-10
ENSDARG00000095688	zgc:162509	zgc:162509 [Source:ZFIN;Acc:ZDB-GENE-050809-100]	241.189181209636	-5.33608099414432	0.843517564960094	-6.32598681498323	2.5161930189936e-10	4.21221051898785e-08
